{"cameraMode":{"drawMode":0,"name":"Shaded","section":"Shading Mode"},"sceneLighting":false,"audioPlay":false,"sceneViewState":{"showFog":false,"showMaterialUpdate":false,"showSkybox":false,"showFlares":false,"showImageEffects":false,"showParticleSystems":false},"in2DMode":false,"pivot":{"x":-391.6000061035156,"y":167.8000030517578,"z":-433.6099853515625},"rotation":{"x":0.3813891112804413,"y":0.24888046085834504,"z":-0.10740171372890473,"w":0.8837816119194031},"size":3.120880365371704,"orthographic":true}