{"cameraMode":{"drawMode":0,"name":"Shaded","section":"Shading Mode"},"sceneLighting":true,"audioPlay":false,"sceneViewState":{"showFog":false,"showMaterialUpdate":false,"showSkybox":false,"showFlares":false,"showImageEffects":false,"showParticleSystems":false},"in2DMode":false,"pivot":{"x":-281.97821044921877,"y":0.4454765319824219,"z":-349.33978271484377},"rotation":{"x":0.16059796512126923,"y":-0.6574119329452515,"z":0.14631615579128266,"w":0.7215548157691956},"size":120.01907348632813,"orthographic":true}