{"cameraMode":{"drawMode":2,"name":"Shaded Wireframe","section":"Shading Mode"},"sceneLighting":false,"audioPlay":false,"sceneViewState":{"showFog":true,"showMaterialUpdate":false,"showSkybox":false,"showFlares":true,"showImageEffects":true,"showParticleSystems":true},"in2DMode":false,"pivot":{"x":21.2500057220459,"y":0.9187667369842529,"z":-21.249984741210939},"rotation":{"x":0.6231918334960938,"y":0.09548536688089371,"z":-0.07704149186611176,"w":0.7723848819732666},"size":99.81138610839844,"orthographic":true}