{"cameraMode":{"drawMode":2,"name":"Shaded Wireframe","section":"Shading Mode"},"sceneLighting":false,"audioPlay":false,"sceneViewState":{"showFog":true,"showMaterialUpdate":false,"showSkybox":false,"showFlares":true,"showImageEffects":true,"showParticleSystems":true},"in2DMode":false,"pivot":{"x":16.250009536743165,"y":0.9187650680541992,"z":-21.250003814697267},"rotation":{"x":0.6231918334960938,"y":0.09548536688089371,"z":-0.07704149186611176,"w":0.7723848819732666},"size":88.99685668945313,"orthographic":true}